{"cameraMode":{"drawMode":0,"name":"Shaded","section":"Shading Mode"},"sceneLighting":false,"audioPlay":false,"sceneViewState":{"showFog":true,"showMaterialUpdate":false,"showSkybox":false,"showFlares":true,"showImageEffects":true,"showParticleSystems":true},"in2DMode":false,"pivot":{"x":0.6499999761581421,"y":0.5037700533866882,"z":0.0},"rotation":{"x":-0.0318310409784317,"y":-0.7710443139076233,"z":-0.038663655519485477,"w":0.6348124742507935},"size":0.5218008756637573,"orthographic":false}