{"cameraMode":{"drawMode":0,"name":"Shaded","section":"Shading Mode"},"sceneLighting":true,"audioPlay":false,"sceneViewState":{"showFog":true,"showMaterialUpdate":false,"showSkybox":true,"showFlares":true,"showImageEffects":true,"showParticleSystems":true},"in2DMode":false,"pivot":{"x":1.999778151512146,"y":1.0,"z":130.39620971679688},"rotation":{"x":-0.0911640077829361,"y":0.4950759708881378,"z":-0.052329547703266147,"w":-0.8624714612960815},"size":101.35594940185547,"orthographic":false}