{"cameraMode":{"drawMode":0,"name":"Shaded","section":"Shading Mode"},"sceneLighting":false,"audioPlay":false,"sceneViewState":{"showFog":true,"showMaterialUpdate":false,"showSkybox":false,"showFlares":true,"showImageEffects":true,"showParticleSystems":true},"in2DMode":false,"pivot":{"x":-14.4399995803833,"y":6.380000114440918,"z":-1.9500000476837159},"rotation":{"x":-0.12678426504135133,"y":-0.35982635617256167,"z":0.04942389577627182,"w":-0.9230465888977051},"size":0.8660253882408142,"orthographic":false}